id,first_name,last_name,email,gender,ip_address
1,Frazer,Raikes,fraikes0@mediafire.com,Male,237.228.136.34
2,Niels,Giblin,ngiblin1@tumblr.com,Genderqueer,152.128.111.153
3,Wandis,Arnot,warnot2@wikia.com,Female,116.243.108.218
4,Leilah,Tolliday,ltolliday3@eventbrite.com,Female,154.47.13.255
5,Windham,Hallows,whallows4@addthis.com,Male,151.100.17.127
6,Linoel,Spaule,lspaule5@barnesandnoble.com,Male,241.49.247.71
7,Izak,Lambrecht,ilambrecht6@sciencedirect.com,Genderfluid,42.122.166.13
8,Iolanthe,Pavia,ipavia7@google.de,Female,112.101.123.245
9,Barron,Muddimer,bmuddimer8@nbcnews.com,Male,56.100.152.158
10,Anatola,Denyukhin,adenyukhin9@oaic.gov.au,Female,239.83.20.113
11,Gilli,Gaisford,ggaisforda@hao123.com,Female,47.42.23.72
12,Ernestus,Brenton,ebrentonb@wordpress.com,Male,73.23.64.246
13,Benoite,Horburgh,bhorburghc@va.gov,Female,79.44.90.203
14,Bale,Ranyelld,branyelldd@canalblog.com,Male,87.35.165.170
15,Wendel,D'Aguanno,wdaguannoe@exblog.jp,Male,217.183.55.141
16,Ernesta,Annis,eannisf@last.fm,Female,99.112.127.202
17,Tanhya,Capron,tcaprong@miibeian.gov.cn,Female,28.101.97.207
18,Gilberte,Dockreay,gdockreayh@census.gov,Female,218.18.163.227
19,Martynne,McIan,mmciani@comcast.net,Female,81.208.63.36
20,Sallyanne,Crosher,scrosherj@moonfruit.com,Non-binary,100.101.31.75
21,Phil,McGiffie,pmcgiffiek@imageshack.us,Male,194.127.213.93
22,Jeramey,Maw,jmawl@boston.com,Polygender,17.26.229.126
23,Gaylene,Jovovic,gjovovicm@simplemachines.org,Female,173.213.187.69
24,Nike,Ruvel,nruveln@webs.com,Genderqueer,203.67.214.145
25,Dorree,Cotterill,dcotterillo@time.com,Female,193.242.27.23
26,Vannie,Micco,vmiccop@youtu.be,Female,197.167.203.41
27,Claretta,Vasyukhin,cvasyukhinq@163.com,Female,255.38.27.40
28,Sim,Crompton,scromptonr@xing.com,Male,98.112.133.162
29,Tulley,Wharmby,twharmbys@yale.edu,Male,255.138.9.71
30,Jana,Mathey,jmatheyt@elegantthemes.com,Female,150.153.210.68
31,De witt,Halliday,dhallidayu@disqus.com,Male,138.2.181.54
32,Morry,Edgworth,medgworthv@patch.com,Male,80.89.176.137
33,Kimberlee,Foulsham,kfoulshamw@cargocollective.com,Female,178.141.48.88
34,Hymie,Florey,hfloreyx@wiley.com,Male,30.93.59.242
35,Caldwell,Whiteford,cwhitefordy@qq.com,Male,222.32.16.104
36,Calley,Haruard,charuardz@meetup.com,Female,168.12.251.79
37,Rachelle,Birtwistle,rbirtwistle10@tamu.edu,Genderfluid,233.172.22.43
38,Noell,Headland,nheadland11@wiley.com,Female,14.231.77.57
39,Amargo,Loudon,aloudon12@tinypic.com,Polygender,254.77.220.216
40,Isidro,Lamberteschi,ilamberteschi13@amazon.co.uk,Polygender,156.145.23.203
41,Hort,Darrington,hdarrington14@livejournal.com,Male,77.78.158.29
42,Malinde,Huebner,mhuebner15@gravatar.com,Female,219.154.95.26
43,Dalis,Robillart,drobillart16@webnode.com,Male,150.227.56.54
44,Giffer,Fobidge,gfobidge17@vkontakte.ru,Male,111.52.75.235
45,Tandie,Groucutt,tgroucutt18@php.net,Female,28.176.2.216
46,Shelia,Igounet,sigounet19@google.com.au,Non-binary,177.39.71.215
47,Appolonia,Imos,aimos1a@51.la,Female,77.130.89.235
48,Sheffield,Sonnenschein,ssonnenschein1b@live.com,Genderfluid,213.86.46.137
49,Bria,Stammirs,bstammirs1c@free.fr,Female,147.63.232.2
50,Chlo,Duran,cduran1d@sohu.com,Female,145.111.39.211
51,Vera,McCahill,vmccahill1e@huffingtonpost.com,Female,155.186.111.22
52,Lanette,Rzehor,lrzehor1f@bing.com,Female,209.112.237.38
53,Bridie,Hinrichsen,bhinrichsen1g@epa.gov,Female,182.181.54.27
54,Verne,Beckmann,vbeckmann1h@blinklist.com,Male,176.42.127.191
55,Nial,Lissimore,nlissimore1i@macromedia.com,Male,13.10.53.24
56,Ephrem,Wiggett,ewiggett1j@google.cn,Male,23.134.247.107
57,Dewain,Angelini,dangelini1k@archive.org,Male,94.17.238.177
58,Kristin,Longhirst,klonghirst1l@hexun.com,Female,121.183.244.86
59,Fredia,Ruffles,fruffles1m@fotki.com,Female,137.227.143.216
60,Rayshell,Stent,rstent1n@ask.com,Female,60.175.113.210
61,Bord,Primmer,bprimmer1o@google.ru,Male,34.53.40.89
62,Enrica,Livesay,elivesay1p@adobe.com,Female,170.85.151.46
63,Cirilo,Cherry,ccherry1q@usgs.gov,Male,195.81.23.41
64,Audre,O'Nowlan,aonowlan1r@51.la,Female,104.217.232.206
65,Dietrich,Lejeune,dlejeune1s@ow.ly,Male,143.129.240.65
66,Veronika,O'Driscoll,vodriscoll1t@ox.ac.uk,Female,223.102.202.115
67,Simone,Yancey,syancey1u@google.com.br,Male,31.66.88.203
68,Archaimbaud,Reah,areah1v@statcounter.com,Male,251.11.218.24
69,Sigmund,Bridgstock,sbridgstock1w@blogspot.com,Male,213.178.149.156
70,Kelcie,Hansford,khansford1x@guardian.co.uk,Female,25.180.218.245
71,Imogen,Lukasik,ilukasik1y@abc.net.au,Female,116.126.19.199
72,Korella,Clerc,kclerc1z@people.com.cn,Female,255.232.208.177
73,Thomasina,Follis,tfollis20@globo.com,Female,229.218.42.54
74,Stacee,Yeandel,syeandel21@yahoo.com,Male,101.4.102.73
75,Sheila,Cunliffe,scunliffe22@apache.org,Female,154.35.62.74
76,Radcliffe,Minihane,rminihane23@sakura.ne.jp,Male,167.57.146.201
77,Letti,Champ,lchamp24@google.com,Polygender,16.27.6.221
78,Garek,Collington,gcollington25@flavors.me,Genderfluid,90.38.18.248
79,Guy,Ocheltree,gocheltree26@bigcartel.com,Male,42.122.165.109
80,Myrtie,Shivell,mshivell27@dailymail.co.uk,Female,170.160.225.30
81,Avram,Camelin,acamelin28@nature.com,Male,219.24.220.118
82,Ericha,Northridge,enorthridge29@smh.com.au,Female,56.156.190.250
83,Field,Ormshaw,formshaw2a@comsenz.com,Male,230.232.7.205
84,Vannie,Westoll,vwestoll2b@ftc.gov,Female,170.72.58.239
85,Johannes,Bambrugh,jbambrugh2c@creativecommons.org,Male,153.8.74.51
86,Abey,Matysiak,amatysiak2d@telegraph.co.uk,Male,199.24.48.159
87,Lorrie,Spikings,lspikings2e@geocities.com,Male,15.42.237.178
88,Cristian,Wahncke,cwahncke2f@guardian.co.uk,Male,101.94.67.159
89,Denney,Shearmer,dshearmer2g@ucla.edu,Male,164.67.130.8
90,Tomas,O'Riordan,toriordan2h@foxnews.com,Male,81.0.186.46
91,Aldrich,Plitz,aplitz2i@smh.com.au,Male,139.0.32.138
92,Keefer,Buncher,kbuncher2j@army.mil,Male,234.192.150.3
93,Legra,Hagyard,lhagyard2k@g.co,Female,148.142.252.232
94,Jewell,Silson,jsilson2l@gov.uk,Female,211.15.43.95
95,Gerick,Basham,gbasham2m@ustream.tv,Male,204.8.142.23
96,Verna,Rome,vrome2n@symantec.com,Female,254.146.233.59
97,Yasmin,Sherwyn,ysherwyn2o@ucla.edu,Female,235.224.200.93
98,Ebony,Wadley,ewadley2p@delicious.com,Female,168.12.7.213
99,Betti,Gratrex,bgratrex2q@elegantthemes.com,Female,24.236.10.37
100,Sawyere,Angrove,sangrove2r@rediff.com,Male,72.108.154.179
101,Orelia,Beardwell,obeardwell2s@istockphoto.com,Female,10.101.10.122
102,Wren,Burgess,wburgess2t@mysql.com,Agender,90.239.222.246
103,Beverly,Kirkwood,bkirkwood2u@digg.com,Female,144.57.47.7
104,Janeczka,Bethell,jbethell2v@ox.ac.uk,Female,76.231.12.180
105,Alanah,Elldred,aelldred2w@myspace.com,Polygender,121.199.85.210
106,Ashby,Skehan,askehan2x@prnewswire.com,Male,140.165.163.64
107,Ced,Brunel,cbrunel2y@plala.or.jp,Male,255.173.39.132
108,Andriana,Sikora,asikora2z@nymag.com,Female,115.19.224.31
109,Ashia,Drury,adrury30@etsy.com,Female,4.101.37.229
110,Raffarty,Burbury,rburbury31@va.gov,Male,185.196.233.148
111,Stewart,Orro,sorro32@weebly.com,Male,48.68.147.250
112,Tad,Guerola,tguerola33@admin.ch,Male,47.251.176.194
113,Moshe,Boss,mboss34@drupal.org,Male,253.157.131.171
114,Nataline,Perkinson,nperkinson35@bigcartel.com,Female,36.215.193.156
115,Lek,Stobbart,lstobbart36@ca.gov,Male,122.183.241.131
116,Allyn,Beiderbecke,abeiderbecke37@geocities.jp,Male,144.170.87.101
117,Delcine,Judgkins,djudgkins38@ucoz.ru,Female,154.167.82.34
118,Auguste,Drezzer,adrezzer39@123-reg.co.uk,Female,144.22.195.152
119,Haleigh,Fores,hfores3a@xinhuanet.com,Female,88.151.201.186
120,Cahra,Brownlea,cbrownlea3b@mtv.com,Female,42.107.226.94
121,Emelyne,Kenton,ekenton3c@google.co.jp,Genderqueer,65.61.206.27
122,Gerri,Wallen,gwallen3d@jigsy.com,Male,191.192.41.160
123,Alonso,Addinall,aaddinall3e@ed.gov,Male,120.88.195.92
124,Tabitha,Hugett,thugett3f@free.fr,Female,135.77.82.89
125,Georgianna,O'Mohun,gomohun3g@google.cn,Female,134.143.27.241
126,Roxy,Setch,rsetch3h@over-blog.com,Female,93.177.80.217
127,Cathi,Antowski,cantowski3i@netlog.com,Female,134.93.101.94
128,Janie,Damiral,jdamiral3j@delicious.com,Female,36.21.29.46
129,Irena,Quin,iquin3k@state.gov,Female,10.39.249.148
130,Leanor,Darkins,ldarkins3l@walmart.com,Female,182.255.65.163
131,Sammy,Hobbema,shobbema3m@squidoo.com,Polygender,49.195.187.80
132,Fredrick,Keune,fkeune3n@ning.com,Male,214.165.107.20
133,Cece,Fayter,cfayter3o@msn.com,Male,27.161.241.127
134,Tristam,Waldrum,twaldrum3p@theatlantic.com,Male,175.56.203.78
135,Angus,Tennock,atennock3q@slideshare.net,Male,0.90.48.202
136,Brandy,Chesters,bchesters3r@surveymonkey.com,Female,119.254.250.134
137,Sigfrid,Haycock,shaycock3s@wufoo.com,Male,186.19.134.157
138,Gail,Orneles,gorneles3t@ft.com,Male,148.214.116.54
139,Franky,Dore,fdore3u@dailymotion.com,Male,88.95.51.251
140,Letty,Bolitho,lbolitho3v@bigcartel.com,Female,199.101.11.209
141,Nanny,Pawlett,npawlett3w@adobe.com,Female,171.58.193.98
142,Jacinthe,Jiggen,jjiggen3x@amazon.de,Female,225.14.179.129
143,Nicola,Nathon,nnathon3y@disqus.com,Male,163.224.251.173
144,Milly,Cardoso,mcardoso3z@sbwire.com,Female,224.179.161.116
145,Rog,Vaan,rvaan40@cbslocal.com,Male,105.100.219.190
146,Fax,Grimolbie,fgrimolbie41@wikispaces.com,Male,93.88.93.101
147,Barde,Starton,bstarton42@hc360.com,Male,168.137.223.155
148,Emmalynn,Oleszkiewicz,eoleszkiewicz43@oaic.gov.au,Female,111.109.248.44
149,Caprice,Pepis,cpepis44@blinklist.com,Female,185.54.233.75
150,Obidiah,Allnatt,oallnatt45@example.com,Male,102.251.84.60
151,Claudine,MacGettigen,cmacgettigen46@nsw.gov.au,Female,236.2.248.80
152,Astrid,Milligan,amilligan47@cisco.com,Female,49.86.53.204
153,Rayna,Bonner,rbonner48@answers.com,Female,160.58.94.66
154,Jean,Seppey,jseppey49@guardian.co.uk,Female,32.80.206.167
155,Anetta,Bawdon,abawdon4a@tinyurl.com,Female,204.85.211.200
156,Fabio,Melmore,fmelmore4b@cpanel.net,Male,240.79.226.56
157,Harlin,Crunkhorn,hcrunkhorn4c@ox.ac.uk,Male,54.57.167.211
158,Dur,Joyson,djoyson4d@kickstarter.com,Male,81.116.71.193
159,Ethelind,Twinning,etwinning4e@joomla.org,Female,31.231.134.105
160,Yehudi,Thirlwell,ythirlwell4f@csmonitor.com,Male,19.231.168.226
161,Yorke,Le Claire,yleclaire4g@theglobeandmail.com,Male,32.2.74.0
162,Lyndsey,Reuben,lreuben4h@i2i.jp,Female,127.105.83.170
163,Tanney,Miners,tminers4i@nbcnews.com,Male,222.135.20.233
164,Nariko,Bordis,nbordis4j@histats.com,Female,65.72.27.44
165,Darby,Wapol,dwapol4k@disqus.com,Female,149.38.109.119
166,Fredelia,Neilson,fneilson4l@oracle.com,Female,151.70.230.152
167,Kristin,Oldfield-Cherry,koldfieldcherry4m@bbb.org,Female,241.118.42.126
168,Leeanne,Trunchion,ltrunchion4n@pagesperso-orange.fr,Female,26.137.178.254
169,Bibbye,Antonio,bantonio4o@angelfire.com,Female,127.167.221.242
170,Falkner,de Mullett,fdemullett4p@histats.com,Male,208.83.93.70
171,Clarinda,Janauschek,cjanauschek4q@macromedia.com,Female,75.100.210.212
172,Morten,Farish,mfarish4r@linkedin.com,Male,90.222.176.222
173,Raviv,McFarland,rmcfarland4s@mapy.cz,Male,9.235.192.119
174,Ulrick,Shires,ushires4t@cargocollective.com,Male,202.172.144.156
175,Chiarra,Hellwig,chellwig4u@jimdo.com,Genderfluid,61.157.174.171
176,Crichton,Barfield,cbarfield4v@uol.com.br,Male,131.9.162.177
177,Roxanne,Holdforth,rholdforth4w@narod.ru,Female,183.153.122.196
178,Kizzee,Bootell,kbootell4x@github.io,Female,73.209.95.159
179,Adriano,Tredgold,atredgold4y@ox.ac.uk,Male,114.88.198.9
180,Temp,Shaughnessy,tshaughnessy4z@dedecms.com,Male,190.211.50.33
181,Dino,Coolbear,dcoolbear50@gmpg.org,Male,165.57.219.125
182,Lizbeth,Blakemore,lblakemore51@google.com.au,Female,87.45.190.47
183,Ephrayim,Scamal,escamal52@chronoengine.com,Male,225.164.122.186
184,Nial,Oliveti,noliveti53@umn.edu,Male,153.27.175.26
185,Georgianna,Konerding,gkonerding54@symantec.com,Female,237.160.106.103
186,Codi,Clarycott,cclarycott55@jugem.jp,Agender,237.164.205.15
187,Lee,Carles,lcarles56@gmpg.org,Female,21.221.128.79
188,Dulcy,Pemberton,dpemberton57@alibaba.com,Female,72.169.235.180
189,Nissie,Tire,ntire58@multiply.com,Female,107.170.25.239
190,Beverly,Furminger,bfurminger59@vinaora.com,Female,175.25.236.211
191,Jarid,Moulden,jmoulden5a@nifty.com,Male,144.172.23.104
192,Jeff,Ollin,jollin5b@disqus.com,Male,59.103.68.4
193,Zechariah,Dolling,zdolling5c@si.edu,Male,108.220.231.168
194,Berny,Alfonsini,balfonsini5d@independent.co.uk,Female,184.153.24.65
195,Shalom,Fishburn,sfishburn5e@ted.com,Male,192.11.58.86
196,Justina,Salway,jsalway5f@usatoday.com,Non-binary,99.248.24.187
197,Chrissy,Stooke,cstooke5g@qq.com,Male,169.21.50.135
198,Heda,Krysztofiak,hkrysztofiak5h@t.co,Female,126.143.78.138
199,Devondra,Brownlie,dbrownlie5i@nps.gov,Female,137.77.11.43
200,Fee,Hyams,fhyams5j@github.io,Male,65.222.111.27
201,Harley,Molloy,hmolloy5k@eventbrite.com,Female,229.19.172.2
202,Ariel,Gabbitis,agabbitis5l@chronoengine.com,Male,226.2.109.161
203,Rey,Thompson,rthompson5m@multiply.com,Male,236.236.237.31
204,Daron,Ambroisin,dambroisin5n@dion.ne.jp,Male,186.109.9.127
205,Lucias,McGraith,lmcgraith5o@mail.ru,Polygender,243.116.16.8
206,Bret,Portwain,bportwain5p@google.cn,Male,136.71.53.123
207,Packston,Perring,pperring5q@wikimedia.org,Male,118.72.57.178
208,Aloisia,Fincken,afincken5r@thetimes.co.uk,Female,205.133.117.48
209,Sondra,Puig,spuig5s@twitpic.com,Female,17.89.177.172
210,Winnie,Mumbey,wmumbey5t@bloglovin.com,Male,219.249.185.20
211,Garwin,Robez,grobez5u@goo.gl,Male,190.180.109.124
212,Dewain,Rostern,drostern5v@instagram.com,Male,93.72.50.9
213,Cher,Petche,cpetche5w@bandcamp.com,Female,54.229.134.83
214,Kelwin,Keeffe,kkeeffe5x@answers.com,Male,29.246.223.193
215,Albert,Stuckow,astuckow5y@youtu.be,Male,100.217.87.181
216,Pryce,Karolewski,pkarolewski5z@businesswire.com,Male,44.243.151.173
217,Mabelle,Maynard,mmaynard60@domainmarket.com,Female,178.106.46.240
218,Colet,Cowx,ccowx61@dropbox.com,Male,7.85.189.60
219,Sarene,Churching,schurching62@nih.gov,Female,61.184.77.118
220,Ingrid,Blaszczynski,iblaszczynski63@symantec.com,Female,31.129.204.101
221,Eadith,Doel,edoel64@blogtalkradio.com,Bigender,64.18.187.21
222,Krista,Mallabon,kmallabon65@fotki.com,Female,168.78.35.77
223,Roger,Rothchild,rrothchild66@bravesites.com,Male,44.221.64.20
224,Heinrik,Horlock,hhorlock67@home.pl,Male,129.28.29.167
225,Harrison,Marden,hmarden68@dell.com,Male,249.236.22.182
226,Niles,Gooble,ngooble69@bizjournals.com,Male,240.98.74.9
227,Gayle,Loraine,gloraine6a@networkadvertising.org,Female,217.169.90.158
228,Esta,Nund,enund6b@miitbeian.gov.cn,Female,211.143.132.232
229,Joleen,Hulcoop,jhulcoop6c@cmu.edu,Female,124.32.4.242
230,Frasier,Cowope,fcowope6d@house.gov,Male,32.122.127.173
231,Kerwin,Lavies,klavies6e@naver.com,Male,50.207.208.117
232,Marillin,Cuell,mcuell6f@ebay.co.uk,Female,236.18.43.243
233,Keefe,Zaniolini,kzaniolini6g@netvibes.com,Bigender,171.148.172.117
234,Chrissy,Sautter,csautter6h@ihg.com,Female,152.2.96.41
235,Rubina,Stacy,rstacy6i@youtube.com,Female,24.99.2.64
236,Tait,Stephenson,tstephenson6j@dailymotion.com,Non-binary,62.62.231.178
237,Feliza,Couves,fcouves6k@java.com,Female,107.26.64.157
238,Nils,Tilby,ntilby6l@topsy.com,Male,170.213.65.52
239,Angelique,Brandel,abrandel6m@shareasale.com,Female,3.158.83.45
240,Mathian,Posse,mposse6n@weather.com,Male,116.182.172.105
241,Louis,Andryszczak,landryszczak6o@webs.com,Male,68.208.49.72
242,Eb,Arger,earger6p@nytimes.com,Male,68.215.14.65
243,Torrance,Goschalk,tgoschalk6q@clickbank.net,Male,161.195.223.103
244,Andros,Lynskey,alynskey6r@apache.org,Polygender,41.138.82.232
245,Cleo,Hounsom,chounsom6s@comsenz.com,Female,33.178.178.231
246,Jorge,Gracey,jgracey6t@newsvine.com,Male,24.27.43.41
247,Marita,Habershon,mhabershon6u@ihg.com,Female,249.0.245.255
248,Kendre,Gallico,kgallico6v@icio.us,Female,49.32.207.10
249,Mareah,Roath,mroath6w@ftc.gov,Female,84.139.103.54
250,Dee dee,McConnachie,dmcconnachie6x@google.cn,Female,247.43.214.29
251,Ysabel,Buie,ybuie6y@state.gov,Female,211.195.118.235
252,Antonietta,Burkill,aburkill6z@meetup.com,Female,149.33.14.101
253,Zorana,Castagneto,zcastagneto70@delicious.com,Bigender,70.209.108.141
254,Janeta,Dwyr,jdwyr71@timesonline.co.uk,Female,117.70.34.188
255,Port,Burdis,pburdis72@hexun.com,Male,21.139.135.213
256,Raine,Caw,rcaw73@alibaba.com,Female,198.179.183.4
257,Lorelle,Kindread,lkindread74@fda.gov,Female,244.109.85.95
258,Dody,Catt,dcatt75@indiegogo.com,Female,122.187.120.157
259,Dallas,MacTrustam,dmactrustam76@businesswire.com,Male,158.92.227.121
260,Fielding,Stratley,fstratley77@google.com.br,Male,209.203.47.113
261,Eldridge,Hrinishin,ehrinishin78@aol.com,Male,251.51.48.6
262,Bud,Gasker,bgasker79@cpanel.net,Male,46.17.174.135
263,Claresta,Thinn,cthinn7a@forbes.com,Female,112.62.111.218
264,Weylin,Bolland,wbolland7b@rakuten.co.jp,Male,160.234.143.10
265,Adrian,Barbrick,abarbrick7c@homestead.com,Female,225.234.198.174
266,Maddy,Mitro,mmitro7d@wsj.com,Female,204.111.51.163
267,Jacinda,Abdie,jabdie7e@123-reg.co.uk,Female,165.28.243.245
268,Orton,Killich,okillich7f@sitemeter.com,Male,252.83.243.219
269,Booth,Tongs,btongs7g@gizmodo.com,Male,164.4.204.161
270,Carlyle,Trouncer,ctrouncer7h@twitter.com,Male,247.40.70.219
271,Penni,Bohlsen,pbohlsen7i@dailymotion.com,Female,230.85.105.53
272,Stephanus,Greve,sgreve7j@acquirethisname.com,Male,132.163.147.6
273,Daphene,Matthews,dmatthews7k@domainmarket.com,Genderfluid,88.218.149.172
274,Waylen,Mcwhinnie,wmcwhinnie7l@slideshare.net,Male,75.199.95.13
275,Jerrie,Toope,jtoope7m@yale.edu,Female,41.149.27.64
276,Itch,Udy,iudy7n@microsoft.com,Male,165.12.44.13
277,Brew,Duprey,bduprey7o@usnews.com,Polygender,72.97.29.24
278,Harland,Bullman,hbullman7p@phoca.cz,Male,65.37.110.229
279,Philippa,Moffatt,pmoffatt7q@hp.com,Female,40.189.95.178
280,Jaimie,Kelberman,jkelberman7r@scribd.com,Male,162.230.48.32
281,Vanya,Panas,vpanas7s@4shared.com,Male,31.40.30.216
282,Bail,Whewell,bwhewell7t@gravatar.com,Male,76.49.59.142
283,Bernie,Simester,bsimester7u@360.cn,Male,13.234.214.231
284,Tilly,Barltrop,tbarltrop7v@unesco.org,Female,78.161.122.201
285,Wilfred,Sanja,wsanja7w@zdnet.com,Male,87.75.197.91
286,Jany,Lambkin,jlambkin7x@virginia.edu,Female,66.177.21.70
287,Dyan,Hubbins,dhubbins7y@macromedia.com,Female,242.29.124.20
288,Dalis,Patrickson,dpatrickson7z@elegantthemes.com,Male,172.151.148.228
289,Horace,Bassil,hbassil80@state.tx.us,Male,51.49.164.155
290,Moll,Romayn,mromayn81@joomla.org,Female,186.11.94.254
291,Alicia,Goodliffe,agoodliffe82@people.com.cn,Female,179.36.214.152
292,Margette,De Santos,mdesantos83@pagesperso-orange.fr,Female,13.240.200.254
293,Gilligan,Valerio,gvalerio84@eventbrite.com,Female,40.211.195.129
294,Irving,Duffan,iduffan85@discuz.net,Male,152.64.44.119
295,Hildegaard,Towson,htowson86@home.pl,Female,251.150.60.54
296,Sonny,Scranedge,sscranedge87@walmart.com,Male,76.127.97.16
297,Erminie,Rodriguez,erodriguez88@delicious.com,Female,28.9.50.146
298,Dela,Keady,dkeady89@de.vu,Female,118.178.54.141
299,Lenee,Sherbrook,lsherbrook8a@unesco.org,Female,147.210.8.76
300,Arman,Pitkins,apitkins8b@nymag.com,Male,40.236.80.201
301,Concettina,Row,crow8c@nydailynews.com,Female,17.228.244.66
302,Homere,Elmhirst,helmhirst8d@auda.org.au,Agender,232.204.61.93
303,Flossi,Powlett,fpowlett8e@army.mil,Female,109.39.121.205
304,Vinny,Sima,vsima8f@house.gov,Female,2.114.205.227
305,Nealon,Dellenty,ndellenty8g@imageshack.us,Male,66.157.148.225
306,Goldarina,Biddle,gbiddle8h@nymag.com,Female,27.150.222.169
307,Oona,McVittie,omcvittie8i@qq.com,Female,197.94.125.89
308,Laney,Hotson,lhotson8j@timesonline.co.uk,Male,79.35.233.243
309,Elvira,Edwicke,eedwicke8k@forbes.com,Female,228.81.191.251
310,Finn,Abramino,fabramino8l@php.net,Male,56.206.181.140
311,Kit,Mendel,kmendel8m@globo.com,Female,177.99.155.70
312,Rufe,Glancey,rglancey8n@gizmodo.com,Male,255.22.124.255
313,Jessy,Hinge,jhinge8o@sogou.com,Female,251.3.124.136
314,Siusan,Joppich,sjoppich8p@joomla.org,Female,231.203.175.171
315,Lyndy,Dyers,ldyers8q@theglobeandmail.com,Female,157.42.71.228
316,Cobb,Cohane,ccohane8r@cnbc.com,Male,13.46.73.114
317,Patrice,Potte,ppotte8s@yelp.com,Male,249.106.70.143
318,Revkah,Starbeck,rstarbeck8t@state.gov,Female,203.197.122.71
319,Becka,Spensly,bspensly8u@washingtonpost.com,Female,100.254.42.252
320,Salim,Kelleway,skelleway8v@xrea.com,Male,81.189.225.16
321,Dorothea,Slimm,dslimm8w@ca.gov,Female,128.126.48.18
322,Rozalin,McIlrath,rmcilrath8x@gizmodo.com,Female,190.227.206.0
323,Gwenneth,Lightwing,glightwing8y@yahoo.com,Female,80.8.198.193
324,Barton,Areles,bareles8z@kickstarter.com,Male,122.106.44.150
325,Dynah,Biers,dbiers90@buzzfeed.com,Female,221.92.111.10
326,Sig,Basnett,sbasnett91@irs.gov,Male,129.249.140.152
327,Lin,Reichhardt,lreichhardt92@prlog.org,Female,58.195.70.62
328,Cecilio,Teresse,cteresse93@time.com,Male,175.181.74.136
329,Clementina,Lukasen,clukasen94@icq.com,Female,53.181.48.19
330,Ugo,Craze,ucraze95@gov.uk,Male,152.2.76.4
331,Amerigo,Botting,abotting96@slashdot.org,Male,212.240.148.14
332,Darb,Nussey,dnussey97@opensource.org,Female,79.108.153.77
333,Toby,Ruos,truos98@mail.ru,Female,72.177.4.204
334,Gabe,Celiz,gceliz99@buzzfeed.com,Male,11.234.89.238
335,Jermaine,Swinburne,jswinburne9a@geocities.jp,Male,186.59.66.53
336,Sidney,Huygens,shuygens9b@multiply.com,Male,242.91.242.111
337,Katharyn,Leheude,kleheude9c@so-net.ne.jp,Female,193.67.167.164
338,Carol,Seyffert,cseyffert9d@wisc.edu,Genderqueer,22.175.120.56
339,Theo,Fishpoole,tfishpoole9e@sun.com,Male,42.184.251.8
340,Isabella,Beldon,ibeldon9f@imdb.com,Female,132.47.235.233
341,Judah,Kittman,jkittman9g@reference.com,Male,126.184.136.205
342,Korrie,Greenan,kgreenan9h@mozilla.com,Female,28.157.170.73
343,Tedda,Pollendine,tpollendine9i@youku.com,Female,206.200.158.243
344,Drona,Loughman,dloughman9j@state.tx.us,Female,230.213.151.169
345,Tammie,Juorio,tjuorio9k@cbslocal.com,Male,229.87.41.2
346,Roxi,Ellacott,rellacott9l@i2i.jp,Female,182.7.55.180
347,Oralee,Bysshe,obysshe9m@columbia.edu,Female,120.173.236.2
348,Kenny,Meanwell,kmeanwell9n@zdnet.com,Bigender,181.48.149.142
349,Alley,Landsborough,alandsborough9o@squarespace.com,Male,221.254.103.234
350,Addy,Kirsch,akirsch9p@vk.com,Genderqueer,23.138.66.21
351,Tildy,Inett,tinett9q@forbes.com,Female,214.27.57.14
352,Margy,Mellenby,mmellenby9r@bbc.co.uk,Female,103.197.75.173
353,Dodi,Lambertz,dlambertz9s@mashable.com,Female,16.139.32.29
354,Chrystal,Michin,cmichin9t@parallels.com,Female,30.230.91.123
355,Adella,Eborn,aeborn9u@tinyurl.com,Female,176.112.180.211
356,Addie,Launchbury,alaunchbury9v@twitter.com,Female,12.97.208.187
357,Marcelia,Tedman,mtedman9w@topsy.com,Genderfluid,29.90.242.77
358,Jeannie,Fehely,jfehely9x@webeden.co.uk,Female,215.199.35.29
359,Darcee,Gregorio,dgregorio9y@thetimes.co.uk,Female,246.149.197.48
360,Berky,Molden,bmolden9z@e-recht24.de,Male,59.89.243.151
361,Daisi,Mains,dmainsa0@apple.com,Female,83.12.175.234
362,Bili,Larderot,blarderota1@hexun.com,Female,105.176.12.171
363,Sampson,Hutchin,shutchina2@mit.edu,Male,114.93.242.149
364,Glen,Coslitt,gcoslitta3@washingtonpost.com,Female,166.119.28.12
365,Jarid,Ebourne,jebournea4@seattletimes.com,Male,51.107.74.248
366,Blaine,Greenhall,bgreenhalla5@unc.edu,Male,135.127.173.192
367,Jacklyn,O' Flaherty,joflahertya6@state.gov,Non-binary,214.42.207.196
368,Tandie,Gagen,tgagena7@harvard.edu,Female,146.129.123.80
369,Lynnelle,Favell,lfavella8@java.com,Female,114.93.33.156
370,Yulma,Mcmanaman,ymcmanamana9@i2i.jp,Male,112.105.60.216
371,Jenna,Walsom,jwalsomaa@blogtalkradio.com,Female,231.46.52.10
372,Shayne,Archanbault,sarchanbaultab@nhs.uk,Female,194.195.199.55
373,Nonah,Thorowgood,nthorowgoodac@mozilla.org,Female,69.79.114.23
374,Gertrud,Gingel,ggingelad@mashable.com,Female,0.205.189.136
375,Lora,Stoakley,lstoakleyae@themeforest.net,Female,76.35.22.220
376,Oralla,Bruinemann,obruinemannaf@illinois.edu,Female,64.24.28.148
377,Dian,Culleton,dculletonag@hibu.com,Female,224.255.2.209
378,Allianora,Seifenmacher,aseifenmacherah@wisc.edu,Female,202.15.8.242
379,James,Ahmed,jahmedai@nhs.uk,Male,33.238.129.240
380,Claybourne,Bligh,cblighaj@wix.com,Male,130.107.172.114
381,Spencer,Carnie,scarnieak@mashable.com,Male,162.240.73.44
382,Laverne,Laws,llawsal@baidu.com,Female,255.153.77.68
383,Hogan,Perrat,hperratam@nasa.gov,Male,163.201.99.197
384,Gladi,Custed,gcustedan@soundcloud.com,Female,196.32.34.138
385,Dominga,Stukings,dstukingsao@smh.com.au,Female,138.221.46.99
386,Tristan,MacLeese,tmacleeseap@ebay.co.uk,Male,183.142.247.111
387,Lemuel,Saberton,lsabertonaq@lulu.com,Male,36.103.226.63
388,Cherye,Btham,cbthamar@engadget.com,Female,69.71.9.131
389,Lenette,Tomei,ltomeias@unesco.org,Female,59.216.146.145
390,Vito,Meriel,vmerielat@mac.com,Male,187.147.125.227
391,Aharon,Lambertini,alambertiniau@oakley.com,Male,144.227.205.76
392,Avis,Disbrey,adisbreyav@acquirethisname.com,Female,195.78.82.51
393,Linn,Tillot,ltillotaw@chronoengine.com,Male,54.225.210.211
394,Nathanial,Heinonen,nheinonenax@ameblo.jp,Male,174.110.98.38
395,Barnard,Tregenna,btregennaay@oaic.gov.au,Male,12.56.154.247
396,Quillan,Wysome,qwysomeaz@webs.com,Male,241.201.249.42
397,Pace,Soonhouse,psoonhouseb0@addthis.com,Male,238.84.53.92
398,Currey,Breadmore,cbreadmoreb1@nsw.gov.au,Male,130.192.139.98
399,Terrence,Sibbons,tsibbonsb2@google.co.uk,Genderfluid,28.248.177.117
400,Guss,Lansley,glansleyb3@zimbio.com,Genderqueer,55.153.7.90
401,Beryl,Beranek,bberanekb4@dagondesign.com,Female,106.125.70.111
402,Adah,Willeson,awillesonb5@webnode.com,Female,22.20.59.191
403,Shoshanna,Mazzeo,smazzeob6@bizjournals.com,Female,34.168.155.148
404,Bianka,Wantling,bwantlingb7@hugedomains.com,Female,83.93.96.213
405,Miller,Swafield,mswafieldb8@facebook.com,Male,97.144.44.10
406,Lottie,Renfrew,lrenfrewb9@blog.com,Female,43.50.119.211
407,Ben,Klemmt,bklemmtba@hc360.com,Male,218.2.228.85
408,Sybyl,Phoenix,sphoenixbb@dailymotion.com,Female,112.117.104.51
409,Benedicto,Crimpe,bcrimpebc@wix.com,Male,243.252.216.242
410,Ashly,Behnecke,abehneckebd@i2i.jp,Female,155.53.227.189
411,Justine,Ilchenko,jilchenkobe@digg.com,Female,15.108.23.67
412,Imojean,Joskowitz,ijoskowitzbf@meetup.com,Female,52.241.77.146
413,Reba,Butson,rbutsonbg@a8.net,Female,41.130.92.132
414,Annora,Perigo,aperigobh@cornell.edu,Female,86.209.152.0
415,Gerard,Lassells,glassellsbi@va.gov,Male,4.90.118.16
416,Kristyn,Rotlauf,krotlaufbj@rakuten.co.jp,Female,213.33.153.220
417,Colman,Radage,cradagebk@scribd.com,Male,138.31.123.100
418,Lark,Skures,lskuresbl@godaddy.com,Female,35.142.255.137
419,Frannie,Warner,fwarnerbm@studiopress.com,Male,220.195.208.42
420,Vaughn,Dikles,vdiklesbn@google.com,Bigender,119.80.13.246
421,Gerome,Burn,gburnbo@mapy.cz,Male,177.235.153.67
422,Nathanil,Scherer,nschererbp@wiley.com,Male,225.18.131.25
423,Fredelia,Ramsbotham,framsbothambq@weibo.com,Female,124.178.156.81
424,Giorgia,Tottie,gtottiebr@mail.ru,Female,246.183.204.128
425,Joshia,Arnaudin,jarnaudinbs@rakuten.co.jp,Male,212.182.183.120
426,Bertie,Kort,bkortbt@flickr.com,Female,179.72.133.247
427,Nadia,Shrigley,nshrigleybu@ehow.com,Female,194.205.113.80
428,Carol-jean,Tarquini,ctarquinibv@google.com.hk,Female,30.127.19.255
429,Nolly,Shafto,nshaftobw@tamu.edu,Male,203.164.131.189
430,Ardath,Adlam,aadlambx@ow.ly,Female,192.173.197.55
431,Zandra,Plume,zplumeby@virginia.edu,Female,122.83.120.201
432,Wilfrid,Euplate,weuplatebz@ezinearticles.com,Male,206.178.21.6
433,Armando,Tiddy,atiddyc0@addtoany.com,Male,142.150.124.44
434,Arty,Hayselden,ahayseldenc1@wp.com,Male,153.210.125.8
435,Brena,Leglise,bleglisec2@who.int,Female,83.173.42.12
436,Afton,Flanders,aflandersc3@buzzfeed.com,Female,227.60.32.248
437,Gran,Noir,gnoirc4@ucla.edu,Polygender,122.37.0.52
438,Charlotte,Rides,cridesc5@amazon.co.jp,Female,83.88.147.224
439,Lorie,Dabney,ldabneyc6@exblog.jp,Female,195.202.16.109
440,Kelli,Crossingham,kcrossinghamc7@dailymail.co.uk,Female,97.184.40.178
441,Desdemona,Pietasch,dpietaschc8@apache.org,Female,183.136.110.195
442,Shell,Vautre,svautrec9@gizmodo.com,Female,68.23.66.214
443,Maegan,Matchett,mmatchettca@shinystat.com,Female,11.221.208.247
444,Ambrosi,Dreher,adrehercb@eepurl.com,Male,13.91.213.164
445,Kelcie,Haskey,khaskeycc@boston.com,Genderqueer,162.151.220.66
446,Jesse,Giovannardi,jgiovannardicd@ustream.tv,Male,46.91.194.95
447,Dolley,Cowherd,dcowherdce@csmonitor.com,Female,129.249.75.217
448,Marjory,Bilson,mbilsoncf@rambler.ru,Female,65.127.100.153
449,Sharity,Cochet,scochetcg@icq.com,Female,68.1.79.93
450,Cam,Beernt,cbeerntch@wordpress.com,Female,199.31.116.33
451,Herbert,Exell,hexellci@technorati.com,Male,24.178.125.5
452,Jerry,Bednell,jbednellcj@xing.com,Female,82.175.200.157
453,Dore,Hackworthy,dhackworthyck@mapquest.com,Male,20.33.131.154
454,Natalee,Bruneau,nbruneaucl@soundcloud.com,Female,88.135.133.27
455,Jolynn,Bovingdon,jbovingdoncm@printfriendly.com,Female,189.168.146.225
456,Berta,Mercik,bmercikcn@opera.com,Female,196.39.250.44
457,Aleen,Shand,ashandco@gov.uk,Female,94.195.170.247
458,Simone,Brewett,sbrewettcp@sakura.ne.jp,Female,139.63.10.26
459,Staford,Beany,sbeanycq@cbslocal.com,Male,117.34.59.103
460,Adelaide,Crane,acranecr@businesswire.com,Female,40.187.105.104
461,Piper,Cockill,pcockillcs@tripod.com,Female,173.116.56.108
462,Cassius,Gorrissen,cgorrissenct@earthlink.net,Male,243.112.250.16
463,Hamid,Hartburn,hhartburncu@shop-pro.jp,Male,143.104.126.16
464,Kayle,De Cruce,kdecrucecv@howstuffworks.com,Female,18.164.57.94
465,Beatriz,Smallridge,bsmallridgecw@jiathis.com,Female,80.62.84.181
466,Kirsti,Coggin,kcoggincx@parallels.com,Female,228.86.242.14
467,Shaina,Alejo,salejocy@businessweek.com,Female,40.35.187.181
468,Cinderella,Weathey,cweatheycz@china.com.cn,Female,157.183.70.151
469,Borden,Hazeldean,bhazeldeand0@netscape.com,Male,8.246.168.234
470,Jacquelynn,Ellen,jellend1@desdev.cn,Female,38.120.182.65
471,Logan,Jemmison,ljemmisond2@barnesandnoble.com,Male,212.195.255.231
472,Twila,Whitehorn,twhitehornd3@google.com,Bigender,53.2.86.195
473,Nerty,O'Dyvoy,nodyvoyd4@imdb.com,Female,131.246.99.212
474,Kelvin,Reyner,kreynerd5@opensource.org,Bigender,50.129.113.176
475,Valentina,Goodisson,vgoodissond6@wsj.com,Female,58.132.248.116
476,Jacenta,Waddingham,jwaddinghamd7@hud.gov,Genderfluid,93.41.176.147
477,Dory,Cuniffe,dcuniffed8@hud.gov,Male,197.163.125.43
478,Carrissa,Mackie,cmackied9@npr.org,Genderqueer,200.249.21.184
479,Molli,Lente,mlenteda@theatlantic.com,Female,46.77.162.49
480,Constantin,Tumulty,ctumultydb@nsw.gov.au,Male,211.75.249.40
481,Darci,Medina,dmedinadc@netscape.com,Female,155.25.167.62
482,Freeman,Benedicto,fbenedictodd@stumbleupon.com,Male,34.88.184.198
483,Waring,Malcolm,wmalcolmde@usnews.com,Male,117.179.146.16
484,Kalil,Breddy,kbreddydf@canalblog.com,Male,106.48.113.15
485,Bettine,Bwye,bbwyedg@cnn.com,Female,18.10.64.145
486,Ransell,Charlo,rcharlodh@123-reg.co.uk,Male,190.190.4.205
487,Karyl,Gerrell,kgerrelldi@people.com.cn,Female,245.246.45.175
488,Gerardo,Mahoney,gmahoneydj@imdb.com,Male,247.117.116.87
489,Julius,Cooke,jcookedk@bloglines.com,Male,27.80.196.1
490,Amabel,Sabater,asabaterdl@si.edu,Female,119.44.115.79
491,Barn,Janzen,bjanzendm@amazon.co.uk,Male,22.213.250.146
492,Dennet,Spink,dspinkdn@ucoz.com,Male,150.209.71.221
493,Berton,Murfill,bmurfilldo@gizmodo.com,Male,63.117.188.28
494,Onofredo,Grigoriscu,ogrigoriscudp@blogger.com,Male,90.144.10.202
495,Helli,Boyes,hboyesdq@gravatar.com,Female,149.155.133.201
496,Margeaux,Shire,mshiredr@opensource.org,Female,7.121.189.160
497,Lilllie,Rexworthy,lrexworthyds@buzzfeed.com,Female,75.218.248.56
498,Abraham,Colerick,acolerickdt@msu.edu,Bigender,12.225.91.21
499,Violette,Longworth,vlongworthdu@msu.edu,Female,163.231.216.243
500,Town,Tomney,ttomneydv@gmpg.org,Male,238.61.51.45
501,Rosabel,Rooper,rrooperdw@pbs.org,Female,178.67.186.152
502,Bambi,Dmitr,bdmitrdx@weibo.com,Female,144.252.131.144
503,Felice,Courtenay,fcourtenaydy@yahoo.co.jp,Male,125.86.214.152
504,Therese,Klugman,tklugmandz@netscape.com,Female,6.214.65.156
505,Godfree,Fonso,gfonsoe0@comcast.net,Male,183.52.105.72
506,Codi,Woodyer,cwoodyere1@indiegogo.com,Male,178.160.11.233
507,Webster,Pendrey,wpendreye2@google.com.au,Male,3.26.167.189
508,Jephthah,Funnell,jfunnelle3@tumblr.com,Male,60.84.211.177
509,Rick,Gossage,rgossagee4@slideshare.net,Male,233.40.4.177
510,Nahum,Hamman,nhammane5@un.org,Male,30.75.231.245
511,Ara,Newsome,anewsomee6@globo.com,Male,177.72.28.85
512,Quincey,Bratty,qbrattye7@samsung.com,Male,87.38.20.152
513,Gris,Guilbert,gguilberte8@photobucket.com,Agender,112.110.191.59
514,Lyndsay,Birtwisle,lbirtwislee9@eventbrite.com,Female,137.77.5.9
515,Quinn,Sheals,qshealsea@stumbleupon.com,Female,67.182.74.152
516,Thorn,Jiri,tjirieb@uiuc.edu,Male,200.128.154.219
517,Rock,Katt,rkattec@army.mil,Agender,8.26.25.108
518,Jocko,Lydiatt,jlydiatted@tinyurl.com,Male,216.223.6.190
519,Reeta,Casbourne,rcasbourneee@uol.com.br,Female,106.222.236.206
520,Cori,Derington,cderingtonef@biblegateway.com,Male,116.155.191.237
521,Mead,McGreal,mmcgrealeg@ehow.com,Female,7.183.2.171
522,Goldie,Colafate,gcolafateeh@clickbank.net,Female,217.248.112.102
523,Rhodie,Scarr,rscarrei@slideshare.net,Female,251.99.49.246
524,Bendix,Ranklin,branklinej@mozilla.com,Male,6.243.221.10
525,Gianni,Doige,gdoigeek@dedecms.com,Male,49.101.173.168
526,Eugenie,Ginger,egingerel@nymag.com,Female,215.17.236.233
527,Tina,Bukac,tbukacem@yahoo.co.jp,Female,248.67.10.54
528,Jerry,Morton,jmortonen@noaa.gov,Agender,136.215.112.195
529,Orlan,Palfrie,opalfrieeo@about.me,Male,44.134.153.76
530,Henryetta,Ohm,hohmep@gizmodo.com,Female,253.183.236.163
531,George,Paddock,gpaddockeq@army.mil,Male,77.192.42.154
532,Geoff,Drowsfield,gdrowsfielder@nih.gov,Male,100.236.10.251
533,Jeth,Jeeks,jjeekses@studiopress.com,Genderfluid,221.107.27.207
534,Stanford,Allom,sallomet@skyrock.com,Male,120.71.81.242
535,Gabrielle,Hemstead,ghemsteadeu@wikia.com,Female,187.91.15.212
536,Regan,Casol,rcasolev@mysql.com,Female,69.33.108.77
537,Hobey,Dicky,hdickyew@webnode.com,Male,252.194.246.210
538,Lombard,Boyne,lboyneex@cam.ac.uk,Genderfluid,68.105.157.76
539,Eddy,Gotch,egotchey@facebook.com,Male,37.136.174.143
540,Tybie,Rackam,trackamez@printfriendly.com,Female,105.214.43.5
541,Rochell,Senner,rsennerf0@4shared.com,Bigender,182.213.201.109
542,Gussi,Depke,gdepkef1@cnn.com,Female,127.207.207.233
543,Agathe,Senner,asennerf2@tumblr.com,Female,238.156.127.234
544,Basile,Kausche,bkauschef3@sogou.com,Male,141.5.157.238
545,Beryle,Hutton,bhuttonf4@rediff.com,Female,25.120.57.163
546,Zsazsa,Fotheringham,zfotheringhamf5@com.com,Female,250.6.128.175
547,Carolann,Tatam,ctatamf6@globo.com,Female,141.34.29.193
548,Cristiano,Hunn,chunnf7@behance.net,Genderfluid,111.220.32.168
549,Vidovik,Bowick,vbowickf8@go.com,Male,4.25.118.150
550,Jazmin,Pfaff,jpfafff9@topsy.com,Female,219.174.142.79
551,Genna,Quare,gquarefa@multiply.com,Female,23.144.18.5
552,Xylia,Reggiani,xreggianifb@nymag.com,Female,75.204.180.60
553,Arlana,Leads,aleadsfc@gnu.org,Female,237.181.122.224
554,Nannie,Hackly,nhacklyfd@un.org,Female,173.76.70.96
555,Tait,McCoole,tmccoolefe@archive.org,Male,188.157.84.139
556,Avril,Watson-Brown,awatsonbrownff@usda.gov,Female,89.129.255.144
557,Jakie,Boshers,jboshersfg@weibo.com,Male,138.254.221.163
558,Far,Butfield,fbutfieldfh@aol.com,Male,6.9.186.97
559,Cobbie,Charity,ccharityfi@youtu.be,Male,155.206.183.201
560,Lorene,Christmas,lchristmasfj@cocolog-nifty.com,Genderqueer,120.223.3.226
561,Martie,McEvon,mmcevonfk@opera.com,Female,103.32.169.48
562,Boote,Jickles,bjicklesfl@sina.com.cn,Genderqueer,189.170.90.172
563,Neila,Crone,ncronefm@nps.gov,Female,51.50.10.140
564,Hillary,Dudding,hduddingfn@hhs.gov,Male,215.85.99.241
565,Elset,Sudlow,esudlowfo@taobao.com,Female,161.171.32.242
566,Barn,Bassil,bbassilfp@google.pl,Male,199.62.13.70
567,Hedy,Finlaison,hfinlaisonfq@nih.gov,Female,54.72.202.81
568,Kinnie,Standish,kstandishfr@msn.com,Male,219.124.253.213
569,Tobye,Pechacek,tpechacekfs@yahoo.co.jp,Female,196.0.231.234
570,Cati,Wigin,cwiginft@sfgate.com,Female,16.228.209.27
571,Jozef,Wordsworth,jwordsworthfu@exblog.jp,Genderfluid,52.182.114.239
572,Caralie,Turvey,cturveyfv@japanpost.jp,Female,182.124.175.160
573,Quillan,Kienlein,qkienleinfw@weebly.com,Male,56.207.128.121
574,Gracie,Devine,gdevinefx@cdc.gov,Female,26.27.98.107
575,Hal,Codi,hcodify@theguardian.com,Male,230.128.255.3
576,Eziechiele,Litzmann,elitzmannfz@state.tx.us,Male,122.182.95.213
577,Sibel,Cuddy,scuddyg0@histats.com,Female,112.98.77.57
578,Albina,Dalliston,adallistong1@cisco.com,Female,140.169.79.146
579,Tait,Buckoke,tbuckokeg2@opera.com,Male,236.184.116.248
580,Muriel,Etheredge,metheredgeg3@apache.org,Female,13.240.216.239
581,Elvina,Keeney,ekeeneyg4@chicagotribune.com,Female,187.45.107.238
582,Joane,Ghidoli,jghidolig5@google.co.uk,Female,170.115.89.227
583,Junia,Leiden,jleideng6@acquirethisname.com,Genderfluid,118.203.96.127
584,Daniele,Steer,dsteerg7@comcast.net,Female,153.239.169.78
585,Bell,Bissill,bbissillg8@bbc.co.uk,Female,64.248.241.16
586,Gianni,Petz,gpetzg9@issuu.com,Male,142.7.162.161
587,Moira,Cadigan,mcadiganga@hatena.ne.jp,Female,173.10.91.124
588,Orren,Dandy,odandygb@w3.org,Genderqueer,92.120.69.125
589,Ara,Brunning,abrunninggc@mapy.cz,Female,194.220.46.121
590,Bea,Eaden,beadengd@businessweek.com,Female,176.98.64.49
591,Lorrie,Normanvell,lnormanvellge@goo.gl,Non-binary,152.172.58.243
592,Jaynell,Kisar,jkisargf@ezinearticles.com,Female,93.197.133.250
593,Erinna,Le Page,elepagegg@bbc.co.uk,Female,187.102.200.55
594,Stacee,Banat,sbanatgh@vinaora.com,Male,174.74.194.227
595,Winifield,Mountain,wmountaingi@geocities.com,Male,146.106.12.124
596,Kelsey,Yateman,kyatemangj@4shared.com,Male,112.109.55.34
597,Adrian,Dabner,adabnergk@google.com,Male,203.112.57.59
598,Adara,Trotter,atrottergl@si.edu,Female,56.81.33.186
599,Amberly,Yonnie,ayonniegm@wikispaces.com,Female,187.170.79.129
600,Fidelity,Punch,fpunchgn@newyorker.com,Female,187.213.70.201
601,Berni,Jennery,bjennerygo@va.gov,Female,132.0.230.205
602,Neda,Chatenier,nchateniergp@soup.io,Female,28.151.224.44
603,Tobie,Gerram,tgerramgq@cdc.gov,Male,128.253.111.10
604,Arnuad,Deplacido,adeplacidogr@nydailynews.com,Bigender,176.209.73.255
605,Caddric,Fantham,cfanthamgs@omniture.com,Male,129.179.201.123
606,Catherine,Romagnosi,cromagnosigt@hp.com,Female,160.90.88.162
607,Bax,Icom,bicomgu@bloglines.com,Male,3.47.247.90
608,Wolfie,Lyenyng,wlyenynggv@globo.com,Male,129.173.6.17
609,Sophie,Deeson,sdeesongw@theguardian.com,Female,243.75.52.2
610,Morty,Davydkov,mdavydkovgx@devhub.com,Male,151.10.204.172
611,Drake,Nutman,dnutmangy@dedecms.com,Male,171.187.247.5
612,Aeriell,Torri,atorrigz@reverbnation.com,Genderqueer,87.16.219.172
613,Pall,Slinn,pslinnh0@i2i.jp,Male,80.134.174.148
614,Lynne,Arnolds,larnoldsh1@opensource.org,Female,59.37.126.203
615,Erda,Roft,erofth2@geocities.jp,Female,87.149.131.16
616,Yvonne,Foltin,yfoltinh3@topsy.com,Female,92.200.28.250
617,Logan,Arbuckel,larbuckelh4@360.cn,Male,255.16.115.154
618,Cindelyn,Gourley,cgourleyh5@live.com,Genderfluid,195.132.248.72
619,Georg,Fosserd,gfosserdh6@imdb.com,Male,57.104.192.94
620,Fin,Plaistowe,fplaistoweh7@cisco.com,Male,169.117.252.148
621,Mohandis,Blease,mbleaseh8@live.com,Male,203.5.198.174
622,Frederigo,Chaudret,fchaudreth9@jugem.jp,Male,42.247.170.160
623,Iris,Rowesby,irowesbyha@posterous.com,Female,162.112.136.168
624,Bink,Refford,breffordhb@digg.com,Male,115.27.151.249
625,Arch,Krzyzowski,akrzyzowskihc@blogspot.com,Male,231.185.251.72
626,Fraser,Kibel,fkibelhd@addtoany.com,Male,82.99.115.40
627,Marillin,Coupland,mcouplandhe@wikipedia.org,Female,44.99.146.155
628,Gil,Denziloe,gdenziloehf@hhs.gov,Male,128.176.15.7
629,Mariejeanne,Do Rosario,mdorosariohg@phoca.cz,Non-binary,131.130.97.166
630,Katherine,Macci,kmaccihh@europa.eu,Genderqueer,246.228.78.117
631,Mickey,Waplinton,mwaplintonhi@technorati.com,Male,45.17.119.100
632,Ryley,Spurdon,rspurdonhj@sbwire.com,Male,207.253.39.241
633,Vidovic,Orridge,vorridgehk@sphinn.com,Male,230.175.31.119
634,Rora,De la Barre,rdelabarrehl@virginia.edu,Female,156.172.207.165
635,Gearalt,Yesipov,gyesipovhm@stanford.edu,Male,51.131.50.237
636,Odelia,McKiddin,omckiddinhn@china.com.cn,Female,175.25.198.101
637,Crista,Walczynski,cwalczynskiho@usda.gov,Female,56.101.222.3
638,Tansy,Elton,teltonhp@about.me,Polygender,137.122.101.202
639,Consuela,Crinson,ccrinsonhq@ted.com,Female,1.163.250.195
640,Ashely,Maciocia,amaciociahr@cdbaby.com,Female,178.129.222.146
641,Dalton,Coweuppe,dcoweuppehs@dmoz.org,Male,153.239.26.228
642,Atlante,Spier,aspierht@usa.gov,Female,55.84.155.126
643,Blake,Kisbey,bkisbeyhu@auda.org.au,Female,148.251.138.57
644,Rorie,Farmiloe,rfarmiloehv@sbwire.com,Female,80.154.75.190
645,Merwin,De Blasiis,mdeblasiishw@economist.com,Male,37.8.68.41
646,Vallie,Syce,vsycehx@usgs.gov,Female,7.7.9.227
647,Mathian,Tirone,mtironehy@hatena.ne.jp,Male,209.68.91.212
648,Dore,Crosfeld,dcrosfeldhz@msn.com,Male,236.61.143.36
649,Hermon,Thamelt,hthamelti0@purevolume.com,Genderfluid,169.225.187.187
650,Linn,Bebis,lbebisi1@hostgator.com,Female,221.111.194.70
651,Monty,Hallwell,mhallwelli2@baidu.com,Male,254.123.219.157
652,Welby,Scardifeild,wscardifeildi3@netvibes.com,Male,222.158.98.156
653,Ramonda,Sarchwell,rsarchwelli4@geocities.jp,Female,164.157.146.222
654,Teddi,Dulton,tdultoni5@umn.edu,Female,67.46.66.164
655,Haywood,Dimitrijevic,hdimitrijevici6@comcast.net,Male,4.186.228.202
656,Buiron,Esom,besomi7@noaa.gov,Non-binary,67.107.13.224
657,Thurstan,Myall,tmyalli8@ehow.com,Male,27.88.25.18
658,Frederico,Longfoot,flongfooti9@mapquest.com,Male,64.242.213.195
659,Benoite,Anthoine,banthoineia@typepad.com,Bigender,105.113.85.199
660,Emory,Reaper,ereaperib@time.com,Genderfluid,167.132.42.251
661,Launce,Corthes,lcorthesic@epa.gov,Male,35.119.205.80
662,Jarvis,Herreran,jherreranid@shinystat.com,Male,7.135.143.179
663,Rutger,Gridley,rgridleyie@soup.io,Male,32.233.192.36
664,Cristiano,Basey,cbaseyif@addtoany.com,Genderfluid,140.215.18.103
665,Gretna,Loughren,gloughrenig@upenn.edu,Female,185.195.4.7
666,Ofilia,Crawcour,ocrawcourih@nps.gov,Female,139.220.240.230
667,Morie,Brightie,mbrightieii@umich.edu,Male,136.15.77.81
668,Barby,Sanford,bsanfordij@census.gov,Female,176.21.72.87
669,Hoyt,Berkelay,hberkelayik@dropbox.com,Male,18.123.238.72
670,Damita,Poles,dpolesil@icio.us,Female,229.117.104.165
671,Roseanne,Twinning,rtwinningim@hexun.com,Female,98.20.202.137
672,Olav,Blunsom,oblunsomin@epa.gov,Male,131.113.105.143
673,Clemente,Eunson,ceunsonio@nature.com,Male,186.186.217.236
674,Leanor,Guerriero,lguerrieroip@nih.gov,Female,91.18.218.203
675,Ondrea,Curtois,ocurtoisiq@go.com,Female,18.187.207.244
676,Troy,Hannay,thannayir@amazon.com,Male,69.19.248.153
677,Jeniffer,Crookes,jcrookesis@cam.ac.uk,Female,238.255.230.13
678,Thoma,Geroldini,tgeroldiniit@elpais.com,Male,6.209.198.124
679,Lorain,D'Cruze,ldcruzeiu@mashable.com,Female,191.11.147.98
680,Floria,Schankelborg,fschankelborgiv@multiply.com,Female,248.40.232.158
681,Maryann,Kerkham,mkerkhamiw@bloomberg.com,Female,51.64.10.114
682,Ransom,Bellee,rbelleeix@clickbank.net,Bigender,65.76.60.1
683,Braden,Savell,bsavelliy@tripadvisor.com,Male,253.106.195.251
684,Sandy,Forbear,sforbeariz@tamu.edu,Male,187.132.3.51
685,Deana,De Vuyst,ddevuystj0@paginegialle.it,Bigender,120.133.29.105
686,Brose,Trahair,btrahairj1@51.la,Male,27.35.234.96
687,Merell,Exeter,mexeterj2@eventbrite.com,Male,84.81.78.133
688,Artemus,Ferrieroi,aferrieroij3@imdb.com,Male,190.78.255.162
689,Kirstin,Bruntjen,kbruntjenj4@usgs.gov,Female,129.139.174.243
690,Jeffie,Linnett,jlinnettj5@elpais.com,Male,67.192.135.20
691,Raymund,De la Barre,rdelabarrej6@liveinternet.ru,Male,72.197.113.220
692,Barri,Cranham,bcranhamj7@tamu.edu,Male,165.114.173.154
693,Mycah,Fairnington,mfairningtonj8@senate.gov,Non-binary,122.241.26.147
694,Karina,Toghill,ktoghillj9@independent.co.uk,Female,14.175.87.0
695,Helenelizabeth,McElvine,hmcelvineja@tiny.cc,Female,96.174.68.221
696,Tamas,Jagielski,tjagielskijb@cocolog-nifty.com,Male,164.148.219.245
697,Jaquith,Fishbie,jfishbiejc@gnu.org,Female,255.98.169.228
698,Ardisj,Jaffrey,ajaffreyjd@deliciousdays.com,Female,183.80.83.43
699,Lisette,Scudder,lscudderje@mozilla.com,Female,6.226.52.0
700,Fae,Waggitt,fwaggittjf@github.io,Female,55.163.54.49
701,Chauncey,Lightbourn,clightbournjg@yahoo.com,Male,102.58.20.168
702,Johnathon,Rispin,jrispinjh@wp.com,Male,81.186.5.75
703,Debbie,Hounihan,dhounihanji@pinterest.com,Female,23.131.95.18
704,Eberto,Jiras,ejirasjj@cisco.com,Male,210.234.233.231
705,Taffy,Brannigan,tbranniganjk@indiatimes.com,Female,158.53.192.129
706,Adrea,Fraczak,afraczakjl@ihg.com,Agender,41.178.113.98
707,Stacy,Garfield,sgarfieldjm@mozilla.org,Non-binary,141.241.60.189
708,Ted,Schall,tschalljn@bravesites.com,Agender,33.143.74.108
709,Livvy,Gilbank,lgilbankjo@stanford.edu,Female,197.54.174.17
710,Dione,Fairlam,dfairlamjp@fema.gov,Genderqueer,230.233.75.200
711,Mirna,Canepe,mcanepejq@canalblog.com,Female,215.51.157.191
712,Juana,Lutsch,jlutschjr@upenn.edu,Genderfluid,207.219.185.46
713,Bradley,Postan,bpostanjs@squarespace.com,Male,151.71.141.199
714,Brent,Borel,bboreljt@t.co,Male,177.201.179.216
715,Hillier,Matthewes,hmatthewesju@e-recht24.de,Male,134.151.133.40
716,Ashley,Swatton,aswattonjv@linkedin.com,Male,56.163.26.190
717,Raina,Vennings,rvenningsjw@acquirethisname.com,Female,170.186.176.202
718,Mitzi,Elliss,mellissjx@amazonaws.com,Female,252.194.68.216
719,Vicky,Klagges,vklaggesjy@a8.net,Female,149.167.99.221
720,Minny,Easby,measbyjz@yelp.com,Female,217.201.46.68
721,Sayres,Jollie,sjolliek0@intel.com,Male,75.247.221.79
722,Mala,Libero,mliberok1@wikispaces.com,Genderfluid,148.193.32.251
723,Angie,Fredi,afredik2@sogou.com,Male,215.181.96.37
724,Sydelle,Kelling,skellingk3@rambler.ru,Female,87.203.171.68
725,Wilie,Cotta,wcottak4@indiatimes.com,Female,125.240.240.24
726,Ewell,Flury,efluryk5@domainmarket.com,Male,167.178.65.138
727,Nestor,Renak,nrenakk6@1und1.de,Male,165.39.201.186
728,Doreen,Spittall,dspittallk7@who.int,Female,183.244.200.119
729,Morly,Haydon,mhaydonk8@goodreads.com,Male,173.133.180.34
730,Kain,Tripe,ktripek9@miitbeian.gov.cn,Male,126.44.245.255
731,Petronilla,Kaye,pkayeka@dot.gov,Female,92.166.212.233
732,Hans,Carcas,hcarcaskb@vkontakte.ru,Male,219.215.4.69
733,Winnie,Postle,wpostlekc@ca.gov,Male,138.108.156.24
734,Emelina,Collocott,ecollocottkd@is.gd,Female,210.97.41.58
735,Kelley,Ingarfill,kingarfillke@gravatar.com,Male,252.132.90.23
736,Field,Muldoon,fmuldoonkf@slate.com,Male,18.8.222.45
737,Dacie,Kingscott,dkingscottkg@dyndns.org,Female,235.48.59.40
738,Starr,Killingback,skillingbackkh@scientificamerican.com,Female,243.58.184.67
739,Oneida,Baldacco,obaldaccoki@lulu.com,Female,1.166.205.78
740,Annabel,Mattevi,amattevikj@dot.gov,Female,195.25.131.113
741,Jammal,Offill,joffillkk@usatoday.com,Male,200.198.199.10
742,Anderea,MacHostie,amachostiekl@jalbum.net,Female,244.85.138.6
743,Keri,Roback,krobackkm@java.com,Female,2.4.235.198
744,Zebulen,Stollery,zstollerykn@dmoz.org,Male,80.143.255.2
745,Alexis,Marquot,amarquotko@netlog.com,Female,128.184.222.89
746,Kristen,Corsham,kcorshamkp@unicef.org,Female,26.39.251.205
747,Ferdie,Dunkinson,fdunkinsonkq@cisco.com,Male,215.55.43.129
748,Tommie,Otley,totleykr@i2i.jp,Male,202.121.10.78
749,Kienan,Matevushev,kmatevushevks@ow.ly,Bigender,119.6.76.58
750,Willem,Houchin,whouchinkt@amazon.com,Bigender,82.48.98.226
751,Lane,Hamlet,lhamletku@scribd.com,Female,125.9.11.172
752,Hedvig,Coneau,hconeaukv@deliciousdays.com,Female,132.231.38.157
753,Bank,Jaime,bjaimekw@apache.org,Male,106.26.75.108
754,Bea,Bruyett,bbruyettkx@goo.gl,Non-binary,52.85.3.103
755,Modesta,Stanbro,mstanbroky@guardian.co.uk,Female,247.164.20.133
756,Derron,Joska,djoskakz@desdev.cn,Male,6.201.93.116
757,Morrie,Buterton,mbutertonl0@cbc.ca,Male,115.95.255.157
758,Blondelle,Toquet,btoquetl1@topsy.com,Female,139.13.75.199
759,Alley,Tire,atirel2@eepurl.com,Male,46.58.255.110
760,Bondy,Duckers,bduckersl3@vistaprint.com,Male,88.3.41.118
761,Selby,Spearett,sspearettl4@indiegogo.com,Male,110.139.254.236
762,Stan,Champney,schampneyl5@jigsy.com,Male,159.98.63.125
763,Aubree,Lobell,alobelll6@ft.com,Female,244.42.142.89
764,Leicester,Benech,lbenechl7@livejournal.com,Male,24.195.160.111
765,Keeley,Keats,kkeatsl8@theguardian.com,Polygender,141.115.243.118
766,Lorry,Grimsditch,lgrimsditchl9@mysql.com,Male,162.66.177.88
767,Johanna,Simoneschi,jsimoneschila@skyrock.com,Female,96.165.153.235
768,Chev,Arboine,carboinelb@mozilla.org,Polygender,116.86.240.70
769,Ulysses,Putton,uputtonlc@weather.com,Male,234.244.184.43
770,Cross,Sallans,csallansld@youtube.com,Male,220.160.21.186
771,Genvieve,Eicke,geickele@utexas.edu,Female,112.219.26.99
772,Wildon,Iskov,wiskovlf@blogger.com,Male,95.128.61.102
773,Burk,Dimitru,bdimitrulg@studiopress.com,Male,232.123.61.151
774,Peria,Leverton,plevertonlh@youtube.com,Female,37.64.222.99
775,York,Bunnell,ybunnellli@yelp.com,Male,46.223.108.70
776,Lorinda,Slayny,lslaynylj@spiegel.de,Female,50.44.139.61
777,Katheryn,Kemmis,kkemmislk@samsung.com,Female,109.40.164.51
778,Benni,Vedenisov,bvedenisovll@thetimes.co.uk,Female,133.134.214.39
779,Betsey,Hesse,bhesselm@va.gov,Female,47.213.36.22
780,Gregorio,Cockshutt,gcockshuttln@cocolog-nifty.com,Male,147.223.139.21
781,Bertha,Hackett,bhackettlo@salon.com,Female,107.4.168.16
782,Idalia,Dack,idacklp@salon.com,Female,93.27.155.180
783,Brade,Calven,bcalvenlq@t.co,Male,12.143.84.74
784,Blondy,Hartshorn,bhartshornlr@indiatimes.com,Female,155.144.233.37
785,Caitlin,Duesberry,cduesberryls@boston.com,Polygender,212.176.124.204
786,Jacky,McClunaghan,jmcclunaghanlt@slideshare.net,Male,49.69.143.228
787,Fredi,Hutchence,fhutchencelu@state.gov,Female,225.180.54.180
788,Sam,O'Daly,sodalylv@omniture.com,Male,108.153.86.126
789,Cobby,Acors,cacorslw@soup.io,Male,217.91.131.143
790,Morse,Devanney,mdevanneylx@washingtonpost.com,Male,166.130.98.12
791,Teriann,Pinar,tpinarly@mashable.com,Female,191.91.66.68
792,Ernestine,Seleway,eselewaylz@sogou.com,Female,220.46.175.86
793,Aguie,Jeanneau,ajeanneaum0@prweb.com,Male,33.14.173.221
794,Ame,Feldon,afeldonm1@mlb.com,Polygender,196.167.225.142
795,Walther,Sheahan,wsheahanm2@census.gov,Male,102.83.211.30
796,Abby,Vassbender,avassbenderm3@jiathis.com,Male,2.29.119.230
797,Beth,Smiz,bsmizm4@g.co,Female,56.244.58.127
798,Essa,Haggerstone,ehaggerstonem5@wsj.com,Female,140.139.69.217
799,Lem,Beaudry,lbeaudrym6@ehow.com,Male,104.61.91.51
800,Daffy,Keattch,dkeattchm7@youku.com,Female,191.214.140.157
801,Kingston,Lansley,klansleym8@wix.com,Genderqueer,120.123.70.189
802,Wayne,St. Clair,wstclairm9@goo.ne.jp,Male,202.136.26.39
803,Norry,Dunston,ndunstonma@cmu.edu,Female,142.252.139.206
804,Rebecca,Parrington,rparringtonmb@biglobe.ne.jp,Female,42.209.35.41
805,Cristobal,Lilloe,clilloemc@odnoklassniki.ru,Male,236.18.33.38
806,Eb,Isherwood,eisherwoodmd@ftc.gov,Male,221.13.236.163
807,Verne,Evequot,vevequotme@sun.com,Male,89.2.0.66
808,Chiarra,Flynn,cflynnmf@ow.ly,Female,229.28.75.237
809,Kelwin,Sides,ksidesmg@cloudflare.com,Male,112.205.27.230
810,Ernesto,Alliberton,eallibertonmh@patch.com,Agender,40.40.154.210
811,Rhoda,Bachshell,rbachshellmi@altervista.org,Female,248.67.96.120
812,Gardiner,Cappell,gcappellmj@google.it,Male,34.76.142.194
813,Putnem,Thebeaud,pthebeaudmk@cdc.gov,Male,110.5.47.209
814,Ellsworth,La Batie,elabatieml@dell.com,Male,97.93.52.182
815,Tait,Frood,tfroodmm@unc.edu,Male,55.130.237.51
816,Charmain,Garoghan,cgaroghanmn@uiuc.edu,Polygender,253.115.188.17
817,Mathilda,Blackmore,mblackmoremo@moonfruit.com,Female,64.143.60.169
818,Vin,Livesley,vlivesleymp@kickstarter.com,Male,49.60.65.213
819,Giraldo,Walkley,gwalkleymq@networksolutions.com,Male,236.148.170.191
820,Bobbee,Ching,bchingmr@histats.com,Female,66.107.114.41
821,Anetta,Potte,apottems@army.mil,Female,208.223.109.114
822,Luciano,Skill,lskillmt@sohu.com,Male,187.208.115.25
823,Tommy,Scoyles,tscoylesmu@chicagotribune.com,Female,118.91.125.218
824,Willi,Klimko,wklimkomv@wiley.com,Male,92.126.85.90
825,Filippa,Farrants,ffarrantsmw@ask.com,Female,36.2.219.250
826,Matias,Phaup,mphaupmx@photobucket.com,Male,231.34.18.159
827,Kettie,Glowacki,kglowackimy@spotify.com,Female,164.136.132.116
828,Davy,Dainton,ddaintonmz@homestead.com,Male,199.54.137.111
829,Anita,Duker,adukern0@w3.org,Female,53.86.231.21
830,Grady,Bettenson,gbettensonn1@chicagotribune.com,Male,159.4.175.188
831,Odo,Brauninger,obrauningern2@blog.com,Male,79.254.125.82
832,Adriaens,Tettersell,atetterselln3@hp.com,Female,54.230.214.53
833,Tamara,Burdis,tburdisn4@state.tx.us,Female,237.82.180.136
834,Carissa,Chadd,cchaddn5@house.gov,Female,127.39.164.38
835,Thedrick,Lethibridge,tlethibridgen6@example.com,Male,102.39.50.213
836,Betta,MacPake,bmacpaken7@kickstarter.com,Female,63.126.143.246
837,Nathan,Ivanyukov,nivanyukovn8@statcounter.com,Male,179.103.108.120
838,Sarita,Oleszkiewicz,soleszkiewiczn9@woothemes.com,Female,157.233.195.227
839,Saunders,Sifflett,ssifflettna@gmpg.org,Male,220.170.74.186
840,Mehetabel,Farrier,mfarriernb@privacy.gov.au,Female,229.31.170.19
841,Amalie,Peacey,apeaceync@so-net.ne.jp,Female,45.123.165.64
842,Etheline,McKague,emckaguend@vk.com,Female,199.97.52.57
843,Ellwood,Orrick,eorrickne@purevolume.com,Male,75.13.226.253
844,Claudian,Garnsworthy,cgarnsworthynf@house.gov,Male,79.28.5.5
845,Oby,Cahalin,ocahalinng@vk.com,Male,184.230.15.208
846,Preston,Krzyzowski,pkrzyzowskinh@mayoclinic.com,Male,51.51.93.231
847,Arlena,Wissby,awissbyni@jugem.jp,Non-binary,208.166.35.45
848,Elijah,Gorhardt,egorhardtnj@mashable.com,Male,71.105.44.167
849,Vanny,Egarr,vegarrnk@uiuc.edu,Female,111.88.197.75
850,Tann,Cutforth,tcutforthnl@tripadvisor.com,Male,52.59.164.57
851,Arturo,Schellig,aschellignm@newsvine.com,Male,227.181.246.87
852,Brunhilda,Zorzutti,bzorzuttinn@google.es,Female,188.7.58.220
853,Daphna,Wyson,dwysonno@mozilla.org,Genderqueer,239.151.177.159
854,Raphael,Arent,rarentnp@hibu.com,Genderqueer,181.150.246.15
855,Weylin,Westby,wwestbynq@linkedin.com,Non-binary,52.78.236.165
856,Terrye,Moggan,tmoggannr@army.mil,Female,204.106.251.212
857,Saundra,Winthrop,swinthropns@webmd.com,Male,240.36.114.204
858,Sheba,Pawfoot,spawfootnt@china.com.cn,Female,192.161.249.10
859,Delmor,Crum,dcrumnu@gizmodo.com,Male,187.2.215.190
860,Reinold,Beeres,rbeeresnv@eepurl.com,Male,140.165.234.101
861,Reggis,Ciccoloi,rciccoloinw@typepad.com,Male,19.212.153.90
862,Matthus,Barracks,mbarracksnx@taobao.com,Male,11.80.39.208
863,Ignaz,Perle,iperleny@nyu.edu,Male,154.196.191.47
864,Celesta,Avramchik,cavramchiknz@china.com.cn,Female,214.242.137.75
865,Alonso,Mylan,amylano0@jigsy.com,Male,194.137.32.57
866,May,Tanzig,mtanzigo1@oakley.com,Female,58.163.41.179
867,Shanon,Andrini,sandrinio2@google.ru,Female,210.99.167.221
868,Whitby,Tarver,wtarvero3@pcworld.com,Male,238.180.175.238
869,Mick,Folini,mfolinio4@gov.uk,Male,177.135.50.236
870,Evelyn,Armfirld,earmfirldo5@wsj.com,Male,80.207.135.168
871,Derrik,Mellmoth,dmellmotho6@wordpress.org,Male,252.105.250.178
872,Shaylyn,Tremblay,stremblayo7@furl.net,Female,126.11.179.181
873,Jasen,Ollerhad,jollerhado8@pbs.org,Male,85.106.252.166
874,Esme,Jedrzejewski,ejedrzejewskio9@theguardian.com,Female,123.95.220.233
875,Granny,Pickless,gpicklessoa@symantec.com,Male,102.188.129.8
876,Hermina,Shakesby,hshakesbyob@baidu.com,Female,39.104.99.166
877,Lexine,McWaters,lmcwatersoc@bluehost.com,Female,170.71.107.54
878,Alaric,Weblin,aweblinod@rambler.ru,Male,170.93.109.13
879,Ruthanne,Craigg,rcraiggoe@i2i.jp,Female,74.251.102.93
880,Sarita,Lythgoe,slythgoeof@uiuc.edu,Female,135.53.244.150
881,Corabella,Baggs,cbaggsog@dyndns.org,Female,103.118.192.161
882,Gualterio,Probet,gprobetoh@narod.ru,Male,16.45.12.226
883,Johnathon,Blampy,jblampyoi@illinois.edu,Male,232.33.104.41
884,Gianni,Niese,gnieseoj@elegantthemes.com,Male,88.87.33.96
885,Myra,Juleff,mjuleffok@sciencedaily.com,Female,19.131.217.94
886,Lusa,Gotcher,lgotcherol@washington.edu,Female,164.196.99.74
887,Matthew,Standingford,mstandingfordom@amazon.de,Male,136.100.234.190
888,Minni,Keitch,mkeitchon@adobe.com,Female,1.169.87.34
889,Fabio,Haynesford,fhaynesfordoo@nature.com,Male,99.255.197.209
890,Essy,Snoad,esnoadop@va.gov,Female,230.254.14.58
891,Drusi,Duggary,dduggaryoq@123-reg.co.uk,Female,130.202.225.148
892,Dion,Bedham,dbedhamor@uol.com.br,Male,112.35.246.240
893,Gabie,McBeath,gmcbeathos@princeton.edu,Male,125.52.33.87
894,Carmen,Hlavac,chlavacot@people.com.cn,Genderqueer,26.93.230.84
895,Ralph,Lacy,rlacyou@devhub.com,Male,204.100.116.157
896,Gilemette,Fewings,gfewingsov@devhub.com,Female,159.202.37.3
897,Sonnie,Hanmer,shanmerow@patch.com,Male,125.38.58.131
898,Tish,Satterthwaite,tsatterthwaiteox@ca.gov,Female,90.93.228.134
899,Marillin,Olech,molechoy@e-recht24.de,Female,240.140.9.150
900,Deeyn,Kalkofer,dkalkoferoz@printfriendly.com,Female,192.66.70.69
901,Rosalie,Couves,rcouvesp0@skyrock.com,Polygender,206.182.179.230
902,Davin,Ramage,dramagep1@i2i.jp,Male,79.50.10.104
903,Boote,Arlott,barlottp2@va.gov,Male,44.178.171.143
904,Alex,Leuty,aleutyp3@gov.uk,Female,231.58.242.156
905,Lind,Tearle,ltearlep4@tiny.cc,Female,186.1.132.110
906,Ginnifer,Eagell,geagellp5@163.com,Female,207.198.133.29
907,Carr,Axten,caxtenp6@businessinsider.com,Male,151.129.217.48
908,Dulcia,Dreschler,ddreschlerp7@mediafire.com,Female,224.180.14.65
909,Emilee,Fransemai,efransemaip8@privacy.gov.au,Female,92.127.45.153
910,Pia,Bonevant,pbonevantp9@sourceforge.net,Female,209.79.214.227
911,Iona,Ricardo,iricardopa@squidoo.com,Female,8.133.169.176
912,Kerianne,Andrei,kandreipb@princeton.edu,Female,147.186.179.120
913,Garwood,Tassaker,gtassakerpc@senate.gov,Genderqueer,162.128.56.53
914,Garrek,Neylon,gneylonpd@360.cn,Male,80.86.159.113
915,Kamila,Dovydenas,kdovydenaspe@paginegialle.it,Female,111.250.170.91
916,Alikee,Croux,acrouxpf@oaic.gov.au,Female,22.101.54.114
917,Carling,Fowle,cfowlepg@nsw.gov.au,Male,201.4.84.248
918,Susette,Bartolomeoni,sbartolomeoniph@vistaprint.com,Female,200.227.168.132
919,Orson,Epine,oepinepi@chronoengine.com,Male,181.74.174.58
920,Querida,Wastell,qwastellpj@mac.com,Female,53.128.3.1
921,Kleon,Chave,kchavepk@umich.edu,Male,78.112.91.63
922,Conrad,Robens,crobenspl@e-recht24.de,Male,155.44.236.58
923,Tilda,GiacobbiniJacob,tgiacobbinijacobpm@newyorker.com,Female,13.255.47.190
924,Enrique,Vedmore,evedmorepn@baidu.com,Male,204.77.145.38
925,Cyrillus,Wedge,cwedgepo@mtv.com,Male,218.169.108.221
926,Concordia,Girsch,cgirschpp@usda.gov,Female,48.130.58.22
927,Maddie,Fagan,mfaganpq@mit.edu,Male,20.124.131.220
928,Kiley,West,kwestpr@technorati.com,Male,61.33.142.172
929,Lexis,Rotte,lrotteps@123-reg.co.uk,Female,118.202.11.95
930,Sergent,Eymor,seymorpt@narod.ru,Male,112.123.27.216
931,Delphine,Bissiker,dbissikerpu@aol.com,Female,136.128.246.98
932,Jeannie,Warman,jwarmanpv@google.com.hk,Female,188.245.144.140
933,Hayward,Wegenen,hwegenenpw@altervista.org,Male,226.82.169.236
934,Muriel,Francis,mfrancispx@digg.com,Female,214.42.253.42
935,Loretta,Viner,lvinerpy@washingtonpost.com,Female,205.157.159.161
936,Payton,Ortner,portnerpz@cmu.edu,Male,162.230.81.61
937,Ranee,Trollope,rtrollopeq0@telegraph.co.uk,Female,25.226.236.63
938,Neille,Arnaud,narnaudq1@naver.com,Female,190.128.15.113
939,Delcine,Lappin,dlappinq2@fda.gov,Female,190.87.245.128
940,Hube,Crowest,hcrowestq3@mit.edu,Genderqueer,69.188.84.41
941,Dov,Pagnin,dpagninq4@weibo.com,Male,39.203.246.17
942,Lemmy,Duffer,ldufferq5@google.fr,Male,199.244.10.255
943,Reed,Strowger,rstrowgerq6@altervista.org,Male,123.47.1.69
944,Nils,Comiam,ncomiamq7@studiopress.com,Male,93.215.109.101
945,Winni,Lorentz,wlorentzq8@canalblog.com,Bigender,9.243.25.170
946,Patric,McGowan,pmcgowanq9@digg.com,Male,217.226.230.210
947,Jase,Jarville,jjarvilleqa@msu.edu,Male,239.111.68.26
948,Nike,Minett,nminettqb@ucoz.ru,Female,64.78.72.177
949,Kati,Cubbinelli,kcubbinelliqc@senate.gov,Female,162.21.141.118
950,Carlynne,Darrigrand,cdarrigrandqd@ibm.com,Female,30.158.56.161
951,Row,Scrigmour,rscrigmourqe@angelfire.com,Female,104.249.50.4
952,Sonya,Aubery,sauberyqf@cnbc.com,Female,27.202.88.110
953,Rozanna,Snawdon,rsnawdonqg@abc.net.au,Female,224.41.131.43
954,Jessalyn,D'Agostino,jdagostinoqh@sfgate.com,Female,173.130.156.242
955,Powell,Meddick,pmeddickqi@seattletimes.com,Male,218.93.162.210
956,Kandace,Whitelaw,kwhitelawqj@sciencedirect.com,Female,115.91.216.142
957,Travis,Kirtley,tkirtleyqk@alexa.com,Male,13.220.112.136
958,Mavis,Doddridge,mdoddridgeql@digg.com,Female,173.11.152.67
959,Alla,Gainsburgh,againsburghqm@themeforest.net,Female,156.44.239.112
960,Leonhard,Simonelli,lsimonelliqn@tripadvisor.com,Male,190.31.244.31
961,Smith,Mynott,smynottqo@squidoo.com,Male,123.146.190.25
962,Sharla,Du Plantier,sduplantierqp@slideshare.net,Female,36.110.24.61
963,Guillema,Burgwin,gburgwinqq@slideshare.net,Female,152.8.251.240
964,Adolph,Stagg,astaggqr@naver.com,Male,170.184.185.31
965,Alex,Strongitharm,astrongitharmqs@ted.com,Female,47.91.185.179
966,Allyn,Stallebrass,astallebrassqt@istockphoto.com,Male,5.156.73.209
967,D'arcy,Hoonahan,dhoonahanqu@4shared.com,Male,114.67.26.71
968,Percival,Beard,pbeardqv@weibo.com,Male,155.233.37.102
969,Jorgan,Ashbe,jashbeqw@globo.com,Male,246.199.57.16
970,Felicdad,Shoebottom,fshoebottomqx@ustream.tv,Female,183.124.215.204
971,Elene,Gahagan,egahaganqy@shop-pro.jp,Genderqueer,8.189.188.129
972,Rahal,Blanch,rblanchqz@cocolog-nifty.com,Female,238.226.125.39
973,Colly,Dubock,cdubockr0@google.co.uk,Female,31.39.161.101
974,Aluin,Alliker,aallikerr1@scientificamerican.com,Male,187.255.131.243
975,Jillian,McKevany,jmckevanyr2@tamu.edu,Female,214.148.58.122
976,Pris,Gruszecki,pgruszeckir3@live.com,Genderfluid,121.241.20.9
977,Aubrey,Birchall,abirchallr4@delicious.com,Female,225.252.229.101
978,Boycey,Showt,bshowtr5@dot.gov,Male,4.221.54.240
979,Roselin,Fabbri,rfabbrir6@amazon.co.jp,Female,78.5.32.25
980,Parrnell,Aronow,paronowr7@vinaora.com,Male,231.234.77.254
981,Dan,Pockett,dpockettr8@macromedia.com,Male,162.253.47.254
982,Norby,Letertre,nletertrer9@amazon.de,Bigender,132.102.121.244
983,Cyrille,Ferrario,cferrariora@china.com.cn,Male,7.197.136.17
984,Ranice,Hollows,rhollowsrb@hexun.com,Agender,222.66.30.141
985,Minnnie,Epton,meptonrc@hp.com,Female,180.148.95.119
986,Roscoe,Tabbernor,rtabbernorrd@tumblr.com,Male,76.138.95.239
987,Antonia,Dawidowitsch,adawidowitschre@icio.us,Female,249.37.40.132
988,Sybil,Burgis,sburgisrf@springer.com,Female,124.32.145.198
989,Adrienne,Sweynson,asweynsonrg@vk.com,Female,170.15.128.211
990,Ashlee,Chatan,achatanrh@cam.ac.uk,Female,10.103.195.130
991,Wilbert,Cookley,wcookleyri@msu.edu,Male,153.108.128.96
992,Nessie,Redgrave,nredgraverj@census.gov,Female,196.64.102.18
993,Bernardo,Thunders,bthundersrk@jugem.jp,Male,49.18.171.36
994,Kristofor,Eden,kedenrl@digg.com,Male,43.98.76.20
995,Maryanna,Veall,mveallrm@google.ca,Female,137.95.64.70
996,Natty,Battelle,nbattellern@pagesperso-orange.fr,Genderfluid,196.165.173.182
997,Regine,Kasbye,rkasbyero@google.com.au,Female,78.228.72.164
998,Vonni,Dowyer,vdowyerrp@purevolume.com,Female,58.162.109.217
999,Tibold,Firman,tfirmanrq@instagram.com,Male,174.91.142.21
1000,Chicky,Beedie,cbeedierr@imgur.com,Female,165.254.201.39
